INSERT INTO CLIENTE (CI, nombre, apellidos, direccion, telefono) VALUES
('1234567-1A', 'Juan', 'Pérez Gómez', 'Av. Intercomunal, Edf. Tulipán, Piso 3', '04141234567'),
('2345678-2B', 'María', 'Rodríguez José', 'Calle Los Cerezos, Casa Nro. 45', '04129876543'),
('3456789-3C', 'Carlos', 'González Ruiz', 'Urb. La Floresta, Avenida 2, No. 12', '04245551234'),
('4567890-4D', 'Ana', 'Martínez Sosa', 'Barrio El Carmen, Vía Principal', '04164445678'),
('5678901-5E', 'Luis', 'Sánchez León', 'Residencias El Sol, Apto. 5B', '04143332211'),
('6789012-6F', 'Elena', 'López Díaz', 'Calle Miranda, Centro Comercial Oasis', '04127778899'),
('7890123-7G', 'Pedro', 'Gómez Torrealba', 'Av. Francisco de Miranda, Torre Alfa', '04241110022'),
('8901234-8H', 'Sofía', 'Fernández Marín', 'Urb. Valle Arriba, Calle C, Quinta Isa', '04169998877'),
('9012345-9I', 'Jorge', 'Álvarez Vargas', 'Sector El Rodeo, Vereda 4, Casa 8', '04148887766'),
('0123456-0J', 'Lucía', 'Castillo Mendoza', 'Av. Bolívar, Local 15, Planta Baja', '04126665544'),
('1122334-1K', 'Diego', 'Ramírez Flores', 'Calle Páez, Residencias Las Aves', '04244443322'),
('2233445-2L', 'Carmen', 'Benítez Castro', 'Urb. Prebo, Calle 130, No. 85', '04162221100'),
('3344556-3M', 'Andrés', 'Herrera Ortiz', 'Av. Universidad, Sector Los Mangos', '04141113355'),
('4455667-4N', 'Paula', 'Medina Silva', 'Calle Carabobo, Conjunto Residencial Alva', '04123335577'),
('5566778-5O', 'Marcos', 'Molina Peralta', 'Barrio San José, Sector El Esfuerzo', '04247779911'),
('6677889-6P', 'Laura', 'Delgado Morales', 'Av. Principal de Lechería, Local 4', '04168880022'),
('7788990-7Q', 'Gabriel', 'Ribeiro Suárez', 'Urb. El Viñedo, Avenida Central, Nro. 10', '04149991133'),
('8899001-8R', 'Daniela', 'Ríos Gutiérrez', 'Calle Piar, Edificio Central, Oficina 2', '04120002244'),
('9900112-9S', 'Francisco', 'Ortega Jiménez', 'Sector La Sabanita, Calle 5, Casa 23', '04242224466'),
('1011121-0T', 'Valentina', 'Rojas Navarro', 'Av. Las Delicias, Centro Empresarial MD', '04165557799');

INSERT INTO empleado (CI, nombre, apellidos) VALUES
('1023456-A', 'Alejandro', 'Torres Méndez'),
('2034567-B', 'Beatriz', 'Morales Luna'),
('3045678-C', 'Carlos', 'Gutiérrez Soliz'),
('4056789-D', 'Diana', 'Espinoza Quiroga'),
('5067890-E', 'Eduardo', 'Flores Rojas'),
('6078901-F', 'Fabiola', 'Vargas Mendoza'),
('7089012-G', 'Gustavo', 'Castillo Suárez'),
('8090123-H', 'Helena', 'Ríos Alarcón'),
('9012345-I', 'Iván', 'Miranda Céspedes'),
('1022334-J', 'Jessica', 'Pinto Benítez'),
('2033445-K', 'Kevin', 'Aguilar Paredes'),
('3044556-L', 'Lorena', 'Salazar Orozco'),
('4055667-M', 'Mauricio', 'Villegas Peralta'),
('5066778-N', 'Natalia', 'Camacho Fuentes'),
('6077889-O', 'Oscar', 'Cabrera Romero'),
('7088990-P', 'Patricia', 'Delgado Herrera'),
('8099001-Q', 'Ricardo', 'Guzmán Ortiz'),
('9011223-R', 'Silvia', 'Sandoval Meza'),
('1033221-S', 'Tomás', 'Valenzuela Arias'),
('2044332-T', 'Valeria', 'Paredes Silva');

INSERT INTO producto (cod_barras, descripcion, stock, precio_unitario) VALUES
('7501000111221', 'Laptop Asus Vivobook 15" i5 16GB RAM', 15, 650.00),
('7501000111222', 'Mouse Inalámbrico Logitech M170', 45, 12.50),
('7501000111223', 'Teclado Mecánico Redragon K552', 20, 45.00),
('7501000111224', 'Monitor LG 24" Full HD 75Hz', 8, 140.00),
('7501000111225', 'Disco Duro Externo WD 1TB', 30, 55.00),
('7501000111226', 'Impresora Epson EcoTank L3210', 5, 210.00),
('7501000111227', 'Memoria RAM Kingston Fury 8GB DDR4', 50, 28.00),
('7501000111228', 'Tarjeta de Video GTX 1650 4GB', 6, 175.00),
('7501000111229', 'Auriculares Gamer HyperX Cloud Stinger', 18, 39.99),
('7501000111230', 'Cargador Universal Laptop 90W', 25, 22.50),
('7501000111231', 'Cable HDMI 2.0 Alta Velocidad 1.8m', 100, 5.00),
('7501000111232', 'Mochila Impermeable para Laptop 15.6"', 35, 32.00),
('7501000111233', 'Silla Gamer Ergonómica Negra/Roja', 4, 189.00),
('7501000111234', 'Router Tp-Link Archer C6 Wi-Fi AC1200', 12, 42.50),
('7501000111235', 'Cámara Web Full HD 1080p con Micrófono', 22, 29.99),
('7501000111236', 'Goma de borrar clásica (Caja de 20 u)', 60, 3.50),
('7501000111237', 'Paquete de Hojas Bond A4 75g (500 hojas)', 150, 4.50),
('7501000111238', 'Bolígrafo Bic Cristal Azul (Caja de 50 u)', 40, 8.00),
('7501000111239', 'Pendrive SanDisk Cruzer 64GB USB 3.0', 75, 9.50),
('7501000111240', 'Regleta Multitoma 6 Salidas con Switch', 30, 11.20);

SELECT * FROM Cliente;
SELECT * FROM Empleado;
SELECT * FROM Producto;

INSERT INTO pedido (cod_cliente, fecha_compra, cantidad, cod_empleado) VALUES
(1, '2026-05-10 10:30:00', 3, 5),
(2, '2026-05-11 14:15:00', 1, 12),
(3, '2026-05-11 16:45:00', 5, 3),
(4, '2026-05-12 09:00:00', 2, 8),
(5, '2026-05-12 11:20:00', 10, 20),
(6, '2026-05-13 15:35:00', 4, 1),
(7, '2026-05-14 12:10:00', 2, 14),
(8, '2026-05-14 17:05:00', 1, 7),
(9, '2026-05-15 13:40:00', 6, 19),
(10, '2026-05-15 18:25:00', 2, 2);


INSERT INTO pedido_producto (cod_producto, cod_pedido, cantidad, precio_unitario, descuento) VALUES
(11, 11, 3, 8.90, 1.00),  -- 3 Detergentes Líquidos para el Pedido 11
(13, 12, 8, 3.20, 0.00),  -- 8 Shampoos para el Pedido 12
(15, 13, 2, 1.90, 0.20),  -- 2 Cremas Dentales para el Pedido 13
(12, 14, 15, 1.05, 1.50), -- 15 Jabones para el Pedido 14
(14, 15, 1, 2.10, 0.00),  -- 1 Papel Higiénico para el Pedido 15
(16, 16, 6, 1.65, 0.50),  -- 6 Jugos de Naranja para el Pedido 16
(18, 17, 4, 3.40, 0.00),  -- 4 Cereales de Maíz para el Pedido 17
(20, 18, 9, 2.30, 1.20),  -- 9 Mermeladas para el Pedido 18
(17, 19, 5, 0.90, 0.00),  -- 5 Aguas Minerales para el Pedido 19
(19, 20, 11, 1.15, 0.75); -- 11 Salsas de Tomate para el Pedido 20


INSERT INTO empleado_pedido (cod_pedido, cod_empleado, fecha) VALUES
(1, 5, '2026-05-10'),
(2, 12, '2026-05-11'),
(3, 3, '2026-05-11'),
(4, 8, '2026-05-12'),
(5, 20, '2026-05-12'),
(6, 1, '2026-05-13'),
(7, 14, '2026-05-14'),
(8, 7, '2026-05-14'),
(9, 19, '2026-05-15'),
(10, 2, '2026-05-15');

SELECT * FROM pedido;
SELECT * FROM pedido_producto;
SELECT * FROM empleado_pedido;
